주간조선,"이재명 ""HMM 부산 이전""... 민간기업인데?"
중앙일보,부사관이 女상관 모텔 끌고가 성폭행…실형에 항소하더니 결국
SBS Biz,"정부, 구글로 국내 지도 반출 결정 유보…8월 중 결론"
강원일보,"권성동 “조희대 청문회? 이재명 피고인에게 흠집 냈다는 이유로 대법관들 망신주는 엽기적 인격 살인"""
세계일보,“여보! 금리 뚝뚝 떨어져 안 되겠어…은행 갈아탑시다” [수민이가 궁금해요]
YTN,"한국 남학생이 中서 불법 촬영 '덜미'…학교 측 ""고의 아냐"""
JTBC,"민주, 지귀연 판사 '룸살롱 술접대 의혹' 제기…""재판서 배제해야"""
KBS,5억이 제 통장에 들어왔습니다…착오송금 대처법 [박대기의 핫클립]
머니투데이,"대상포진 백신 맞았더니 깜짝 효과…""치매 이어 심혈관질환 예방"""
연합뉴스,"고속도로 갓길에 돼지만 덩그러니…""운반 중 떨어져"""
한겨레,개신교계 “이재명 후보 미안합니다” 1500자 입장문…서명 시작
헤럴드경제,"“푸바오 심각” SNS 급증..구토·설사·무기력, 중국측은..[함영훈의 멋·맛·쉼]"
